리뷰번호,영화제목,리뷰내용,리뷰별점,총점,리뷰작성일자
18514309,"나의 끝, 당신의 시작","['은행에서 신고하려고 깝치는 바람에 남친 총에 맞아 죽었는데 아무런 죄책감도 안 느끼고, 자기 때문에 남친이 그렇게 됐는데도 얼마 안 돼서 다른 남자랑 X을 치넼ㅋㅋ 그것도 남친 집에서, 남친이랑 뒹굴던 침대에섴ㅋㅋ 그러고선 아침에 일어나 남친 생각하면 질질 짜곸ㅋㅋㅋ 이래서 여자들을  개xx라고 하낰ㅋㅋㅋ']",1,10,22.10.28
18514308,공수도,['여자주인공 매력덩어리네'],10,10,22.10.28
18514307,인생은 아름다워,['인생영화.. 좋은 영화 만들어주셔서 감사합니다'],10,10,22.10.28
18514306,블랙 아담,['블랙이 역시 잘 어울려! 블랙이 역시 고급져!'],9,10,22.10.28
18514305,자백,['원작 보신분은 절대 보지마세요!!!정말로!!! 보면 후회!!!'],1,10,22.10.28
18514304,비트,['시대를 반영해도 이건 좀 아니네... 그 때 안보길 다행이구만'],5,10,22.10.28
18514303,20세기 소녀,"['간만에 본 재밌는 영화 , 옛날 고등학생 시절 추억 , 김유정 변우석 연기 최고']",10,10,22.10.28
18514302,20세기 소녀,['엔딩 진짜 너무 슬펐어요..엔딩이 너무 아쉬운데 아쉬운 만큼 여운도 많이 남고 기억에 많이 남을 인생 영화.. '],10,10,22.10.28
18514301,스콜피온 킹,['생각했던거보다 꿀잼인데?재미없을거같아서 이제껏안봤는데 이제서야봤는데재밌넹  역시 드웨인아재 나오는건 거즘다 재밌어ㅋ'],8,10,22.10.28
18514300,발신제한,"['이걸 정의라고.. 투자는 개인책임이고 직원은 일개직원일뿐, 감독은 사회생활하는지 몰라 ']",2,10,22.10.28
18514299,마담 싸이코,['보다가 껐다..안무서워서..하품 찍~~끌려고 했지만 뒤로 빨리 감아서 내용만 보려고했으나 역시 그냥 돌리다 껐다..왜 평점이 높을까..'],4,10,22.10.28
18514298,아메리칸 셰프,['감동적이네요기대이상이네요'],10,10,22.10.28
18514297,발신제한,['시작부터 쫄깃하고 무엇보다 극을 이끌어가는 조우진 배우의 힘이 대단함.'],10,10,22.10.28
18514296,리멤버,['개연성 살짝 떨어지는 것 빼면 개인의 복수극으로 보았을 때 볼 만 했었다.'],7,10,22.10.28
18514295,공조2: 인터내셔날,['뭐 그냥그런 한국 영화'],5,10,22.10.28
18514294,자백,['배우들 연기가 미쳤고반전에 반전.. 대충 엄마일거라는 예상은 했지만.. 여튼 재밌게 봤어요!'],10,10,22.10.28
18514293,메리다와 마법의 숲,['작화는 귀여웠지만 등장인물들을 비호감으로 만드는 억지스러운 전개였다'],7,10,22.10.28
18514292,스타게이저: 아스트로스코프,['저도 모르게 눈물이 나오네요ㅠㅠ'],10,10,22.10.28
18514291,어바웃 어 보이,['따뜻한 영화이때부터 니콜라스 홀트 팬됐음'],9,10,22.10.28
18514290,카터,['내 욕 하려고 평점 남깁니다. 감독은 앞으로 액션 하지 마세요. 그냥 애니매이션 감성. 애니 감독하시면 대성 할 듯 싶습니다. 내가 살인범이다 같은 현실성 있고 한정된 액션이 그나마 낫습니다. 한국 사람들은 뜬금 없는 전개 티 나는 CG 극혐 합니다. 쪽팔려 한다고요.'],1,10,22.10.28
18514289,스마일,['오랜만에 본 공포영화인데 예고편에 있는 내용이 스토리이지만 영화를 보고 예고편보면 안무섭다. 영화 속에서 놀래키는 부분 꽤 있고 음향이 좋아서 더 놀라는 것 같다. 신체 잘리는 부분 등이 있어서 청불이니 이런거 못보는 분은 안보시길..'],9,10,22.10.28
18514288,인생은 아름다워,['영화 내내 눈물이 나다가 엔딩크레딧 후 펑펑울어서 옆사람 눈치봄'],10,10,22.10.28
18514287,멘,['남성을 모르는 여성에게 남성을 알려주려고 했는데 이미 다 알고 있는 여자가 아닌이상 거의 알아듣지 못할 수준의 비유로 점철. 노력한것 치고는 결말이 너무 단순'],10,10,22.10.28
18514285,죽어도 자이언츠,['이 영화를 만드신 감독님 감사합니다!영화 감동이예요 롯데팬 모두가 아니 야구를 사랑하시는 분들 꼭 보세요 너무 재미있고 감동입니다♡♡♡'],10,10,22.10.28
18514284,죽어도 자이언츠,['1984 최동원도 극장에서 본 사람으로써이제 이런 추억팔이 너무 뻔하고 지겨운 레파토리 아닌가 싶다그렇다고 영상이 특출나지도 않다.구단 홍보차 유튜브에 틀어야할 영상을 왜 극장에서 돈받고 상영하고 있을까...이런거 극장에서 돈주고 볼 사람들이면 전부 롯데 골수팬일텐데이런 추억팔이로 골수팬들 감성 자극하지말고실력으로 우승해서 부산시민 전체에게 감동을 선사하는 구단이 되길...'],6,10,22.10.28
18514283,리멤버,[''],10,10,22.10.28
18514282,자백,['원작 있는 영화인것만 알고 자백을 봤는데..영화 보면서 이 영화를 리메이크 한거 구나 알게되면서 원작을 모르고 보면 더 재미있을 자백'],8,10,22.10.28
18514281,리멤버,['가슴 가슴이 깊어져요. ☆^^*!_%'],10,10,22.10.28
18514280,자백,['진짜 재밌어요 최근에 본 영화중에 제일제일 재밌었던..  스토리도 탄탄하고 소지섭 김윤진 나나 연기가 미쳤음'],10,10,22.10.28
18514279,오펀: 천사의 탄생,['에스더보다 가족이 더 사이코였음. 에스더 엄마는 지 아들새키가 지딸 죽일땐 가만있더니 지아들 죽으니까 눈뒤집히는거 ㄹㅇ 웃기긔 ㅋㅋㅋ 확실히 각성전 얘기라 그런가 에스더가 생각보다 약함. 엄마련 좀더 잔인하게 죽였어야 했는데ㅉ'],6,10,22.10.28
18514278,육사오(6/45),['재밋게 봣어요ㅋ 몰입감도 좋앗고 고경표님연기 넘 귀엽습니다'],10,10,22.10.28
18514277,행복을 찾아서,['감동입니다. 꼭 보세요.'],10,10,22.10.28
18514276,블랙 아담,['오랜만에 히어로물 제대로 나온듯'],10,10,22.10.28
18514275,자백,['스토리재밌고 처음부터끝까지 재밌게봤어요'],10,10,22.10.28
18514274,블랙 아담,['평점 무시하세요솔까 개재밌습니다'],10,10,22.10.28
18514273,카터,['평점은 처음 써보는데.. 살면서 가장 최악의 영화입니다.. 영화라는 말도 아까울정도네요.. 카메라 앵글과 무빙은 왜 그렇게 연출한건지 감독의 생각이 너무너무 궁금합니다..ㅋ 영화감독을 꿈꾸시는 분들이 보면 동기부여 될것같아요ㅋㅋㅋㅋ'],1,10,22.10.28
18514272,헤어질 결심,['뭔가빠진것같은... 남주연기는 참좋은데;;;아쉬웟어요'],4,10,22.10.28
18514271,복수혈전,['이경규 특유의 표정과 관절 빠드득 꺾기가 일품임 '],10,10,22.10.28
18514270,아는 여자,['다시 보아도 너무 좋네요~이나영 순수함 그 자체~^^ 너무 예쁘다!!!'],10,10,22.10.28
18514269,20세기 소녀,['진짜 3년만에 찾은 내 인생영화..'],10,10,22.10.28
18514268,늑대사냥,['김홍선 감독이 영화 마녀를 보고 마녀를 뛰어 넘는 영화를 선보이고자 한 늑대사냥 ㅎㅎㅎ결론은 마녀 압승이다 볼만한건 없고 OST만 들을만하다'],2,10,22.10.28
18514267,캐릭터,['좋은 소재를 허술하게 전개한 탓에 아쉬움이 많이 남는 영화였다'],5,10,22.10.28
18514266,늑대사냥,['서인국은 딱 절반만 나옴... 기대하고봣는데결말이.... 쫌.... 19세이니 잔인한건 이해하겟는데 팩트가없는기분'],6,10,22.10.28
18514265,탑건: 매버릭,['1을 뛰어넘는 걸작..잠시도 의심하지 않았다'],10,10,22.10.28
18514264,리멤버,['정말 재미있네요 또보고 싶어용'],1,10,22.10.28
18514263,발신제한,['뭔가 쫄깃 하고 무서움 이 영화는 인기 만점'],10,10,22.10.28
18514262,늑대사냥,['초반은 느와르 스릴러 중후반은 터미네이터+능력자배틀물'],5,10,22.10.28
18514261,리멤버,['내 인생 최고의 영화! 정말 속 시원했다!'],10,10,22.10.28
18514260,레 미제라블,['장발장의 삶을 쭉 따라 가다가 코제트와의 만남이 뭉클하다. 용서를 받은 사람은 타인을 용서할 줄 아는 사람으로 거듭나게 되고 받은 사랑과 은혜 또한 돌려 준다. 여러 모로 귀감이 되고 감동을 주는 영화.'],8,10,22.10.28
18514259,스승의 은혜,['초딩때인데도 생각난다 감천초 이양갱 선생 반장 부반장애들한테 돈받아처먹고 돈안주면존나구박하고 ㅋㅋ우리이모가 돈챙겨주니까 다음날 준비물스케치북이었는데 준비물깜빡하고 안챙겨갔는데 지아들스케치북주더라 돈주기전엔 구박하더니 ㅋㅋㅋㅋ 진짜개쓰레기담임이었다 방학끝나니까 또구박해서또챙겨줌 ㅋㅋㅋㅋ '],10,10,22.10.28
18514259,스승의 은혜,['초딩때인데도 생각난다 감천초 이양갱 선생 반장 부반장애들한테 돈받아처먹고 돈안주면존나구박하고 ㅋㅋ우리이모가 돈챙겨주니까 다음날 준비물스케치북이었는데 준비물깜빡하고 안챙겨갔는데 지아들스케치북주더라 돈주기전엔 구박하더니 ㅋㅋㅋㅋ 진짜개쓰레기담임이었다 방학끝나니까 또구박해서또챙겨줌 ㅋㅋㅋㅋ '],10,10,22.10.28
18514258,20세기 소녀,['운호에 입덕 눈물 펑펑...'],10,10,22.10.28
18514257,자백,['연출 방식이 독특하고 인상 깊었음.연기가 흡입력있아서 몰입감이 좋았음.Ps_제작비가 진짜 적게 들었을 것 같은..제작사 입장에서 가성비 갑인 영화 ㅋㅋㅋ'],8,10,22.10.28
18514256,선과 악의 학교,['정말 재미있었게 잘봤어요.'],10,10,22.10.28
18514255,늑대사냥,['개노잼 마녀2 짭같음 ㅋㅋㅋ'],1,10,22.10.28
18514254,20세기 소녀,['가볍게 보기 좋은 영화 ^^'],10,10,22.10.28
18514253,메멘토,['가이 피어스 진짜 최고영화다'],10,10,22.10.28
18514252,육사오(6/45),['개연성 쥐뿔도 없지만 뇌 빼고 보기 좋습니다. 킬링 타임용으로 괜찮...!!배우들 연기가 진짜 다 살렸습니다...'],8,10,22.10.28
18514251,20세기 소녀,['김유정 넘예쁘고 연기잘함'],10,10,22.10.28
18514250,리멤버,['배우들 연기나 소재는 매우 좋으나 뒤로 갈수록 흡입력이 떨어지고 마지막  10분정도는 급하게 마무리되는 느낌이 남'],8,10,22.10.28
18514249,국제수사,['한국경찰 디스전인가?'],1,10,22.10.28
18514248,싱글라이더,"['열심히 한다고 잘되는 거 아니고,열심히 산다고 잘사는 거 아니고.']",10,10,22.10.28
18514247,외계+인 1부,"['내용 중간중간 연결성은 아쉬운 부분이 나오지만 여러가지 장르를 묶어서 시도한 것치고 괜찮게 나온 것 같아요. 영상미도 있고, 부담없이 보기에 재밌습니다~ ']",8,10,22.10.28
18514246,헤어질 결심,['와..끝나고 난 후 오는 진한 여운.. 탕웨이는 화장기 없는 수수함이 너무 이쁘다..마침내. 라는 대사와 운전하면서 키는 깜박이 소리 너무 귓가에 맴돔'],9,10,22.10.28
18514245,언니,['시간만 버렸네 괜히 봄;;'],1,10,22.10.28
18514244,정직한 후보2,['너무 기대를 해서 그런가....?? 아쉬움이 많이 남는 영화이긴 함....;;'],5,10,22.10.28
18514243,에브리씽 에브리웨어 올 앳 원스,['친절함은 어떻게든 돌아온다'],7,10,22.10.28
18514242,20세기 소녀,['저런 순수함이 있을때로 돌아가고 싶다.. '],10,10,22.10.28
18514241,오펀: 천사의 탄생,['전작보다는 확실히 덜하다 마지막은 어이없음'],6,10,22.10.28
18514240,20세기 소녀,['중간까진 잘 봤는데 뻔한결말 ...'],1,10,22.10.28
18514239,블랙 아담,['간만에 재밌는 히어로물 본 거 같아요'],8,10,22.10.28
18514238,자백,"['배우들의 실감나는 연기 때문에 자연스럽게 스토리에 집중하게 되고 예상하지 못했던 반전의 순간, 동시에 관객들 입에서 와, 대박이라는 말이 자연스럽게 나왔음! ']",10,10,22.10.28
18514237,슈렉 3,['어른들도 즐길 수 있는 그런 애니메이션..^^'],9,10,22.10.28
18514236,20세기 소녀,['힝 슬퍼 나돌아가고싶어..'],10,10,22.10.28
18514235,리멤버,['개연성 ㅈ같아서 보는 내내 스트레스 받네 지금 보는 중인데 나가야겠다'],1,10,22.10.28
18514233,헌트,"['한번으로는 해석이 될 수 없는 영화,비판과 비난 사이,우리의 역사를 고정으로 남기려는 것이 아닌그 시대의 상황과 맞물려 한번 더 생각해 되돌아 보고자 하는 의미를 내포한 것 같다.우리 시대의 선악을 넘은 영웅들을 보여주는 영화,배우들의 연기력은 말할 것도 없지만, 가볍게 즐길 수는 없는 영화']",10,10,22.10.28
18514232,리멤버,['국보급 영화인 이성민. '],10,10,22.10.28
18514231,리멤버,['나름 독특한 소재의 영화입니다. 추천해요'],9,10,22.10.28
18514230,발신제한,['이딴게 영화? 감독아 지금그냥 초등학교가서 각본 애들한테 쓰라고해도 이것보다 재밌고 참신하게 만들겠다 영화가 최소한의 성의가없을 뿐만아니라 감독이 이거 제작비 삥땅친거아냐? 이딴영화를 후원하는 기업이있다고?? '],1,10,22.10.28
18514229,인생은 아름다워,['음악도 너무 좋고 결말이 조금 안타깝고 슬프기도 하고 영화를 보고 있는 동안 지루한 틈이 정말로 하나도 없었어요 류승룡과 염정아의 연기와 노래 실력도 너무 좋았습니다 나중에 한 번 더 보고 싶네요 '],10,10,22.10.28
18514228,오펀: 천사의 탄생,['역시나 공포  최고 아주 좋아요'],10,10,22.10.28
18514227,리멤버,['최고다 반민족행위자와 식민사관을 가진자는 그렇게 죽어야 한다.'],10,10,22.10.28
18514226,리멤버,['다른 말 필요없고 댕 재밌습니다'],10,10,22.10.28
18514225,대무가,['여자친구랑 보러 갔는데 둘다 피곤 했는지 세상모르게 잠들었네요 영화가 중반부 부터 봐도 내용이 이어집니다'],10,10,22.10.28
18514224,자백,['고통없는 구원은 없다. 행복이 불행을 딛고 일어서듯.'],10,10,22.10.28
18514223,인생은 아름다워,['진짜 너무 재밌어요!! 대강추!!아직 세상이 따뜻하다는 걸 느끼게 된 영화에요 그리구 또 주변을 돌아보게 되고 반성하게 되는 영화였습니다 ?(´つω?`?)?? 너무 만족하고 마음이 따뜻해지고 여운이 진하게 남네요 꼭 한 번 보시길 바랍니다 *필수준비물: 휴지 한곽'],10,10,22.10.28
18514222,늑대사냥,['뭔 생각으로 만든지 모르겠음. 욕하는거죽이는걸로 이딴 영화 만들생각이 드는지'],2,10,22.10.28
18514221,블랙 아담,['잼민이는 들어가 있어'],7,10,22.10.28
18514220,인생은 아름다워,['음악도 너무 좋고 지루할 틈이 없어요 한 번 더 보고싶어요 ㅠㅠ'],10,10,22.10.28
18514219,아메리칸 뷰티,['사진은 영원히 남지만 순간은 영원하지 못한다'],9,10,22.10.28
18514218,리멤버,[''],10,10,22.10.28
18514217,자백,[''],10,10,22.10.28
18514216,블랙 아담,['쥬만지 넥스트레벨 이후로 나에게 숙면의 기쁨을 안겨준 작품'],1,10,22.10.28
18514215,20세기 소녀,['20세기의 추억에 젖을 수 있어서 좋았고 남녀 배우 비주얼에 제대로 눈호강 하네요.변우석 배우 입덕 영화임 ㅎ '],10,10,22.10.28
18514214,블랙 아담,['좀 지루하던디여 ㅠㅠ 나가고싶었는데 참았으요'],6,10,22.10.28
18514213,리멤버,['현쟁시국에 아주 적절한 영화였어요 '],10,10,22.10.28
18514212,제8일의 밤,['영화를 모르는 사람들이  많구나  재미있게 잘 봤습니다 '],10,10,22.10.28
18514211,냉정과 열정 사이,['냉정과 열정은 서로 극도로 멀게만 느껴진다. 그렇지만 이 둘은 섞이면 평온과 같다.'],7,10,22.10.28
18514210,냉정과 열정 사이,['냉정과 열정은 서로 극도로 멀게만 느껴진다. 그렇지만 이 둘은 섞이면 평온과 같다.'],7,10,22.10.28
18514209,냉정과 열정 사이,['냉정과 열정은 서로 극도로 멀게만 느껴진다. 그렇지만 이 둘은 섞이면 평온과 같다.'],7,10,22.10.28
18514208,블랙 아담,['왜이게 오래못갔는지 이해하게됨Dc가 왜 마블을 이길수없는지 이영화를 통해서 확실하게 알수있어요.두시간동안보면서 중간중간 나가고싶었던적이 너무많았네요. 참고 끝까지봤는데 dc세계관 아무것도모르는사람은 왜 이러는지 누가 누구인지 아무도몰라요.최악 그자체'],6,10,22.10.28
18514207,어벤져스,['블랙ㅇㄷ 보고 실망해서 어벤져스 보니까 선녀다 10년전 영화인데도'],8,10,22.10.28
18514206,리멤버,['역사를 제대로 알고있다면 친일파들의 쌉소리를 들으면서 화딱지가 날듯 하지만 현실과 다르게 해피엔딩이네요주연과 조연들이 노인(?) 들이라 액션은 그냥 그럭저럭.. 막 엄청난(?) 액션이 들어간 복수 영화를 생각했다면 비추천이고 잔잔한 복수를 생각하면 추천 입니다. '],8,10,22.10.28
18514205,유어 아이즈 텔,['여주 연기력 개지린다... '],10,10,22.10.28
18514204,인생은 아름다워,['재밌고 감동적임.  보다가 눈물 찔끔흘림관객수가 적어서 아쉬울 따름....이정도로 끝마칠 영화는 아닌듯  '],8,10,22.10.28
18514203,상류사회,['01:14:00부터 보세요'],10,10,22.10.28
18514202,비상선언,['출연진이 화려한데 평점이 너무 낮아 반신반의로 봤는데... 아... 역시 평점은 거짓말을 안 하네요...=.='],4,10,22.10.28
18514201,자백,['저는 원작안보고 스포없이 관람했는데요솔직히 너무 쇼킹했어요진실이 밝혀지는 순간 입틀막!!!꼭 보세요 한순간도 놓칠수없는 영화 '],10,10,22.10.28
18514200,20세기 소녀,['20세기로 돌아가는 기분이였다'],10,10,22.10.28
18514199,인생은 아름다워,"['첫 시작부터 결말을 예상할 수 있었지만 과정들이 어떻게 풀어나가는지는 반전이었어요웃음도 많이 웃었지만,울기도 많이 울었던 영화나와 가족이 소중해지는 영화였어요']",10,10,22.10.28
18514198,걸리버 여행기,['딱 어린시절 걸리버 여행기를 추억으로나마 떠올리게 하는 정도..'],6,10,22.10.28
18514197,리멤버,['지루했지만 기억에 남는 영화에요특히 주연 조연 할것없이 배우분들 연기력이랑 내용이 정말 좋아서 추천할만 해요'],8,10,22.10.28
18514196,제8일의 밤,['완전 잼있게 봤는데 평점 왜 이렇누'],10,10,22.10.28
18514195,자백,['배우들 연기가 괜찮고 긴장감있는 연출로 볼만하네요.'],8,10,22.10.28
18514194,늑대사냥,['극장에서 봤지만 경찰들이총을안쏴  갑갑합니다먼가 병신들같음....'],8,10,22.10.28
18514193,자백,['개연성없는 설정이 연속되어 별로지만 볼만한 영화'],8,10,22.10.28
18514192,백만장자의 첫사랑,[''],10,10,22.10.28
18514191,공조2: 인터내셔날,['왠만하면 점수후하게 주는데 타임을 진짜 킬링했어요 코믹요소도 좀 진부하고요 재탕느낌 물씬납니다 두분 비주얼 구경은 잘했음 강철비1.2보다 재미가 없었어요'],5,10,22.10.28
18514190,더 테러 라이브,[''],10,10,22.10.28
18514189,쇼생크 탈출,[''],10,10,22.10.28
18514188,극장판 짱구는 못말려: 수수께끼! 꽃피는 천하떡잎학교,"['기대하고 보면 안됨. 어른제국보다는 별로이고, 돈이 조금 아까움']",6,10,22.10.28
18514187,리멤버,"['두시간이 넘는 영화를 이렇게 몰입도 있게 본적이 없는 듯 시간순삭 이성민, 남주혁 조합도 연기도 좋고 사이다 진행 ㅋ  코믹한 부분도 있고♡극장에서 봐야 하는 영화']",10,10,22.10.28
18514186,죽어도 자이언츠,"['롯데팬이라면 꼭 봐야할 영화프로야구와 롯데자이언츠의 과거부터 현재, 미래까지 담고 있었고 그리운 얼굴들을 많이 볼 수 있어서 좋았습니다']",10,10,22.10.28
18514185,인생은 아름다워,['기대안하고 봤는데 재밌게 봤음'],10,10,22.10.28
18514184,블랙 아담,['액션이 화려해요 볼만해요 블랙아담'],10,10,22.10.28
18514183,스파이더맨: 노 웨이 홈 '펀버전',['잼썻어여'],8,10,22.10.28
18514182,20세기 소녀,"['초반에는 그저그런 로맨스인줄 알았는데, 중반부터 이 영화만의 느낌이 강해지네요. 스토리는 물론이고 연출, 구성, 촬영, 연기, 음악 전부 인상깊은 영화였습니다 :) ']",10,10,22.10.28
18514181,"그 남자, 좋은 간호사",['그냥 보세요.연기의 신 두  배우의 연기를 보는 것 만으로 그냥 소름이 돋습니다. 폭력적인 내용 하나 없이 숨막히는 건 배우들의 힘인듯 해요.'],10,10,22.10.28
18514180,도그,[''],10,10,22.10.28
18514179,자백,['소지섭 연기 잘한다. 예전에 권투선수로 나온 오직 그대만 영화도 재밌었는데. 미안하다 사랑한다는 역할=소지섭. 책도 사고 소장용DVD도 사서 모셔놓았다. '],10,10,22.10.28
18514178,인생은 아름다워,['감동적이에요아주요 ㅎㅎ'],10,10,22.10.28
18514177,늑대사냥,['누가 ott풀리면 볼 작품이라고 했냐!!난 내가 원하던 작품인데~~'],10,10,22.10.28
18514176,늑대사냥,['딱 시간상 반절만 재밌다 반절 넘어가면 그냥 노답이네'],5,10,22.10.28
18514175,발신제한,[''],10,10,22.10.28
18514174,선데이리그,"['배우들의 연기, 스토리 좋았습니다. 축구를 좋아한다면 한번은 꼭 보세요 !']",9,10,22.10.28
18514173,정직한 후보2,['가볍게 킬링타임용으로 좋아요...'],6,10,22.10.28
18514172,테이크오프: 파도위에 서다,['근데 컨셉을 너무 싸가지없게 잡은거같은데..ㅋㅋ'],6,10,22.10.28
18514171,늑대사냥,['성동일 연기 쓰레기라 헛웃음만 나옴 카리스마가 전혀 없는데 가오를 잡으니 어색하고 우스움 나머지 삼류 광대들도 별다를바 없음 2000년대 오그라드는 일본영화보는 느낌 그리고 주인공 변신할 때 쿨타임 기다려주는 악당 수준의 억지가 덕지덕지 끝없이 이어져서 보고있으면 화가날정도 도저히 안되겠어서 중간에 보다가 끔 근래들어 이정도 쓰레기가 있나 싶음 돈과 시간 같이 버리고 기분까지 잡치고 싶으면 보는걸 추천'],1,10,22.10.28
18514170,에브리씽 에브리웨어 올 앳 원스,['선을 좀 지키는 덕은 어디?'],6,10,22.10.28
18514169,리멤버,['이성민배우 정말 연기 최고입니다! 가슴 한 편이 먹먹해지는 영화네요 '],10,10,22.10.28
18514168,블랙 아담,['마블이 너무 바닥을쳐서 인지 DC좋은데요?? 재미납니다 영상미중에서도 색감이 아주좋네요 '],10,10,22.10.28
18514167,자백,[''],10,10,22.10.28
18514166,인생은 아름다워,['자연스럽게 웃겼다 울였다…재미있고 감동적으로 봤어요추억 소환되는 하루 였네요'],10,10,22.10.28
18514165,리멤버,['오늘 영화 보고 왔는데 너무나 감동적이고 우리가꼭 봐야 할 영화인 것 같습니다 .너무 잘 보았습니다. 특히 이성민 배우님 연기 정말 정말 최고입니다'],10,10,22.10.28
18514164,죽어도 자이언츠,['골수 롯데팬이라면 웃으면서 볼 수 있는 영화였습니다.하지만 들쑥날쑥한 편집은 갓 입문한 팬들이 보기에는 이해하기 어렵고 지루하게 느껴질 수 있는 부분이었습니다. 그리고 개성고 10번 선수에 대한 시간이 많이 할애되어 전반적인 영화 집중력을 흐리는 요소였던 것 같습니다. 기대를 하지 않고 봐서 그런지 나름 괜찮았습니다 '],7,10,22.10.28
18514163,에브리씽 에브리웨어 올 앳 원스,['작품이다.. 미디어 아트...'],10,10,22.10.28
18514162,외계+인 1부,['웨이브에서 결제 하려고 망설이던 중 비슷한영화 목록에 성량팔이소녀의 재림이 뜨네요. 식겁했습니다.'],2,10,22.10.28
18514161,블랙 아담,['아쉬운부분이있지만 다음편의 기대를 하게 하네요'],8,10,22.10.28
18514160,늑대사냥,['보다가 도저히 현실성도 없고 어울리지도 않고... 특히  범죄자들이 사람 다 죽인거 확실한데 경찰들이 총들고 위협사격만 하면서 욕만하는거 너무 웃긴다.  너무 수준 떨어진다.  시간이 아무리 많이 남아도 이거 보면 시간 아까움.  '],1,10,22.10.28
18514159,리멤버,['오랜만에 천만영화 나오겠네요~'],10,10,22.10.28
18514160,늑대사냥,['보다가 도저히 현실성도 없고 어울리지도 않고... 특히  범죄자들이 사람 다 죽인거 확실한데 경찰들이 총들고 위협사격만 하면서 욕만하는거 너무 웃긴다.  너무 수준 떨어진다.  시간이 아무리 많이 남아도 이거 보면 시간 아까움.  '],1,10,22.10.28
18514159,리멤버,['오랜만에 천만영화 나오겠네요~'],10,10,22.10.28
18514158,블랙 아담,['미이라 느낌 남 액션도 화끈하고 근데 빌런이 좀 약하긴 했음 ㅋ'],7,10,22.10.28
18514157,인천상륙작전,"['묵직한 메세지북한군 치하 남한의 실상을 보여주고우리 조국을 지킨 용사들의 이야기는 좋았다.CG, 연출, 로맨스, 가 가란말이야전투씬 연출로 인해 8점 드립니다.']",8,10,22.10.28
18514156,인천상륙작전,"['묵직한 메세지북한군 치하 남한의 실상을 보여주고우리 조국을 지킨 용사들의 이야기는 좋았다.CG, 연출, 로맨스, 가 가란말이야전투씬 연출로 인해 8점 드립니다.']",8,10,22.10.28
18514155,20세기 소녀,['그시절 사람이라 참 재밌게 심장 간질간질하게 봤는데.. 끝이 참.... 나름 여운이ㅜㅜ'],10,10,22.10.28
18514154,리멤버,"['긴장감이 진짜 엄청나네요. 개인적으로 마지막에 주인공이 자살을 했다면 어땠을까 하는 생각이 드네요. 영화에서는 자살이 도피라고 말했는데, 오히려 법의 심판을 받는게 도피인게 아닌가 하는 생각이 드네요. ']",10,10,22.10.28
18514153,리멤버,['돈주고 봐도 아깝지않은 영화입니다!'],10,10,22.10.28
18514152,라이터를 켜라,['병맛 코미디영화로 초반과 다르게 갈수록 지루해지는 아쉬움이..'],5,10,22.10.28
18514151,리멤버,['남주혁의 또다른 연기 미쳤..0'],10,10,22.10.28
18514150,늑대사냥,['딱 적당히 잔인하고 전개가 빨라 좋았던 영화 연기는 믿고 보는 배우님들이고 이 스토리로 시리즈까지 내줬으면 ..!! 떡밥들이 너무 많아 n회차 관람했더니 디테일들을 확실하게 볼 수 있었습니다 ㅎㅎ '],10,10,22.10.28
18514149,클루리스,['30년전 영화라 좀 그럴줄 알았는데 전혀 옛날 영화 같지가 않고 지금봐도 톡톡튀고 상큼하고 재밌네 알리시아 너무 이쁘다'],8,10,22.10.28
18514148,프로메어,['&amp;#34;그렌라간 2&amp;#34;'],8,10,22.10.28
18514147,자백,['보는내내 호기심 넘쳤던 영화. 재밌게 봣어요'],10,10,22.10.28
18514146,늑대사냥,['신교대간지 일주일도 못버티고 나가서5급받은애가 피지컬키우고 앤션씬 잘찍네참고로5급수준이면 한군데가 아예고자수준이여야함 잔인한데 걍 서인웃 웃겨서봄 '],2,10,22.10.28
18514145,20세기 소녀,['근데 왜 죽은거임? 클리셰 덩어리'],8,10,22.10.28
18514144,20세기 소녀,['유치할수있는데 오랜만의 이런 몽글한 청춘영화 좋다'],10,10,22.10.28
18514143,아이 캔 스피크,['제가 이제훈 찐팬이라 극장에서 봤는데 정말 재밌게 봤어요 찡한 감동은 덤~~~~ 왕추천합니다 '],10,10,22.10.28
18514142,20세기 소녀,['넘 재밌게 보고 있는데...마지막 뭐아..ㅠ'],10,10,22.10.28
18514141,20세기 소녀,['연기와 연출과 음악이 그리고 영상미가 뻔할 수 있는 청춘 멜로 영화를 걸작으로 만들었습니다. 뻔하면 좀 어떤가요. 감동을 받았다는 게 중요하죠.'],10,10,22.10.28
18514140,늑대사냥,"['집에서 킬링타임용으로 괜찮음. 근데 효과음이 좀 심각하긴 함; 이정도면 그냥 옥동자가 입으로하는 게... 그리고 전소민, 서인국 역 되게 뭐 엄청난거 있을 것 처럼 해놓고 너무 허무하게 ㅋㅋㅋㅋ 그나저나 장동윤 비 맞는 신에서 살인의 추억에서의 박해일 닮음 ']",6,10,22.10.28
18514139,성덕,['아직 성덕에서 조금 모자란 난 공감하며울 oppa 아니어서 다행이다 싶다가도최근 다른 의미로 이슈가 있던 울 oppa여서 저 맘 이해되는데 무튼 j씨가 본다면 이 작품 보며 울 것 같다 10년 후 감독님이 다시 j씨에 대해 다큐를 만든다면 어떻게 만들까? 궁금해진다 재미있게 잘 봤습니다 '],6,10,22.10.28
18514138,리멤버,['기대안했는데 재밋었다연기 정말 잘하네요'],10,10,22.10.28
18514137,늑대사냥,['영화비 돌려놔라 이딴걸 스토리라고 '],2,10,22.10.28
18514136,에브리씽 에브리웨어 올 앳 원스,['나에겐 정말 큰 영화로 남을 것 같다. 절망에 빠진 채로 이 영화를 보는 건 마음을 많이 심란하게 했다. '],10,10,22.10.28
18514135,극장판 짱구는 못말려: 격돌! 낙서왕국과 얼추 네 명의 용사들,"['어린 아이한테 기대는 한심한 어른들을 통해 우리가 얼마나 내로남불하고 위선자였는지를 뼈아프게 느끼게 해주는 영화. 늘 아이들을 지켜준다고 큰소리치지만 결국 절박한 상황에 어른이 할 수 있는 건 그저 5살짜리 어린 아이에게 기대는 것뿐이었다. 그의 심정을 이해할 생각 없이 이기적인 마음으로 나섰던 어른들의 추악함, 그리고 그 추악함을 뒤로하고 마을을 구하기 위해 낙서라는 희망으로 최전선에서 버텼던 아이들, 이게 과연 현실과 동떨어져 있을까?']",10,10,22.10.28
18514134,강철비2: 정상회담,['코미디 제외하고 만들었다면 1편 만큼 나올 영화 였다. 아쉽네. '],8,10,22.10.28
18514133,인터스텔라,[''],6,10,22.10.28
18514132,늑대사냥,['보고 놀라서 평점 남기러와따 미친 후속편 각 잡아따 ㄷㄷ'],2,10,22.10.28
18514131,자백,['보는 내내 심장이 쫄깃하네요. 추천합니다.'],9,10,22.10.28
18514130,죽어도 자이언츠,['보고싶은데 하는 영화관이 별로 없어서…'],10,10,22.10.28
18514129,20세기 소녀,['이쁜 유정 연기가 좀 어색하네요.'],6,10,22.10.28
18514128,비상선언,['재미있었어요 수고많으셨습니다^^쪽바리는 그냥 아웃'],10,10,22.10.28
18514127,카터,['와 정말 영화보는데 스킵하면서 본거 처음이에요 의미도 없고 내용도 없고 액션은 지나치고 어벤져스 보다 더 쎔. 그냥 스쳐도 죽고 쏘면 그냥 죽고 상대방은 백번 쏴도 안죽음. 게임보다 더 현실성없고 아역도 겁나 쎔 차라리 만화라면 나을듯.. 왜 만든지 모르겠음..심지어 주원도 안멋있음..'],1,10,22.10.28
18514126,리멤버,"['예민함은 둔해졌고 기억이 가물가물하다. 하지만 뭔가는 해야되겠다. 고마울뿐이다.대신 마음을 풀어줘서. 하지만 현실은 녹록치 않다. 그만하자 하기엔 상처도 깊고, 그들의 세력은 견고하다. 그래서 나서기가 두렵다. 역사에 리부트는 없나, 하지만 더 비극적일줄 어떻게 알겠나? ']",10,10,22.10.28
18514125,사랑할 땐 누구나 최악이 된다,['율리에의 행동과 말이 공감이 됐던 저도 최악의 사람일까요? 로맨스 영화라고 생각했는데 성장  영화였네요. 많은 생각을 해준 영화! 그리고 오슬로 한 번 가보고 싶어졌어요. '],10,10,22.10.28
18514124,늑대사냥,['성동일 그의 필모를 봐라 역시 기대를 저버리지 않음ㅋ'],1,10,22.10.28
18514123,듄,['웅장한 사운드가 제일 맘에 들었음'],9,10,22.10.28
18514122,스타 이즈 본,['영화 너무너무 좋았어요'],10,10,22.10.28
18514121,공동경비구역 JSA,['오랜만에 또 봤는데 존잼'],10,10,22.10.28
18514120,서울역,['다음 편은 &amp;#39;부산행&amp;#39;에서 이어진다'],7,10,22.10.28
18514119,테넷,['재밌게 봤음 역시 영화는 큰 화면으로 봐야됨'],9,10,22.10.28
18514118,20세기 소녀,['21세기를 살고 있지만 여전히 그녀는 20세기 소녀'],10,10,22.10.28
18514117,20세기 소녀,['마지막에 한효주가 왜 김유정 영상보며 눈물을 흘리죠??? ㅋㅋㅋ한효주랑 김유정은 외모부터 특징 느낌까지 전혀 미스매치에요….. 김유정에서 누리던 감동이 막판에 확 깨지는.'],7,10,22.10.28
18514116,에브리씽 에브리웨어 올 앳 원스,['다정한 것이 살아남는다. 그리고 깨달은 자가 눈을 뜬다'],10,10,22.10.28
18514115,자백,[''],8,10,22.10.28
18514114,에브리씽 에브리웨어 올 앳 원스,['와 이런게 가능한 거였어?'],10,10,22.10.28
18514113,늑대사냥,['이게 영화냐 ㅋ.ㅋ.ㅋ.ㅋ.'],2,10,22.10.28
18514112,자백,['저한테는 반전이 조금 뻔했습니다. 그래도 스릴 넘치고 재미있게 볼 수 있는 영화입니다.'],9,10,22.10.28
18514111,유로파 유로파,['유태인 실화드라마는 실패할 확율이 거의 없다 이야기 자체가 구성이 탄탄하기 때문에 그렇다 재밌는 영화다'],8,10,22.10.28
18514110,블랙 아담,['쿠키영상을 보고 DC 팬이 되었습니다 '],10,10,22.10.28
18514109,블랙 아담,['올해 본 히어로영화중 제일 재미있게 봤다'],10,10,22.10.28
18514108,자백,['영화 보는 내내 긴장을 멈출수가 없었다 '],10,10,22.10.28
18514106,사도,['유아인 연기 미쳣지.. 난 영화를 두번씩 못 보는데 사도는 이미 10번도 넘게 봤다 사도가 너무 불쌍해서 사도 연기를 하는 유아인마저 짠함..ㅠㅠ'],9,10,22.10.28
18514107,사도,['유아인 연기 미쳣지.. 난 영화를 두번씩 못 보는데 사도는 이미 10번도 넘게 봤다 사도가 너무 불쌍해서 사도 연기를 하는 유아인마저 짠함..ㅠㅠ'],9,10,22.10.28
18514105,자백,['지루할 틈 없이 흘러가는 전개와 반전까지 시간가는 줄 모르고 본 영화네요~간만에 재밋게 봤습니다!'],10,10,22.10.28
18514104,리멤버,['연기력이  좋은배우시간금방 갔어요재밌어서요^^'],10,10,22.10.28
18514103,라이즈 오브 워리어 퀸: 부디카,['이 영화 뭐냐영국 영화 치고는 글쎄....'],2,10,22.10.28
18514102,육사오(6/45),['완전 내취향 너무 재미있다'],10,10,22.10.28
18514101,리멤버,['아이와같이 보기도 좋았고 역사에 대하여 잊지 말라고 경고하는거 같아요'],10,10,22.10.28
18514100,늑대사냥,['경찰들은 총놔두고 쌈박질하네ㅋㅋ'],2,10,22.10.28
18514099,날아라 허동구,['초등아이들 필수로 봐야할 영화라고 생각되네요 많이 많이들 이영화 봤음 좋겠어요'],10,10,22.10.28
18514098,재심,[''],10,10,22.10.28
18514097,레지던트 이블: 라쿤시티,['이거 같은 시리즈 맞냐?'],1,10,22.10.28
18514096,파이란,"['마지막에 강도인지, 건달인지 목을 조를때 저항을 안하는 모습이 희미하게 보이는 파이란 따라 하늘나라에 가고싶었던게 아닐까 생각이 드네요.재미있게 잘 봤습니다. ']",10,10,22.10.28
18514095,블랙 아담,['볼거리가 풍족해서 지루하지 않았어요스토리는 기대하지 마세요가볍게 보기 좋은 액션 영화입니다마블영화에 몇번이나 뒤통수 맞아서 이것도 기대 안하고 봤는데 결론은 dc 승'],9,10,22.10.28
18514094,20세기 소녀,['언제부터인가 순수한것은 촌스러운 것으로 치부되는 시대.참으로 오랜만에 아무것도 가지지 않아도 순수한 마음 하나면 충분하다는 감동응 느끼게 해준 영화를 마주했네요. 다시 보아도 좋을 것만 같아요. 많은 시간이 지나도 기억에 오래 머무는 사람이 있다면 행복한 삶이 아닐까 싶어요.'],10,10,22.10.28
18514093,20세기 소녀,['설렘가듬 옛날 생각도 나고 재밌었어요'],10,10,22.10.28
18514092,자백,['오랫만에 티켓비가 아깝지않을만큼 재미있었네요~^'],10,10,22.10.28
18514091,국제시장,['내인생 최고의 영화....'],10,10,22.10.28
18514090,아사코,['영화 초반에 할아버지가 재미 없다고 욕하면서 나간기억이 있음'],1,10,22.10.28
18514089,늑대사냥,['이걸 영화라고 만들었나....와...해도해도 너무하네;;;;아니 인국아 뭔 생각으로 이거찍었노..'],1,10,22.10.28
18514088,블랙 아담,['초반 등장 포스가 압권이지만 중후반부터 점점 스토리 완성도가 떨어짐. 액션은 시원시원함'],7,10,22.10.28
18514087,리멤버,['잘 봤습니다. 가슴이 먹먹해지네요.'],8,10,22.10.28
18514086,20세기 소녀,['결말이...남주를 단칼에...'],4,10,22.10.28
18514085,리멤버,['연기와 외모는 수려하나 영화는 전체적으로 그냥 그렇다 재밌지 않음'],7,10,22.10.28
18514084,자백,['예상을 수십번 빗겨가는 반전의 연속'],8,10,22.10.28
18514083,블랙 아담,['기대 안 해서 그런지 진짜 잼났어요.최근 봤던 마블 시리즈들 보다 나았음'],9,10,22.10.28
18514082,리멤버,"['주제가 아무리 좋아도 마냥 영화 자체를 좋게 평가하긴 어려운 수준네요...나이든 분장도 몰입감을 방해하고...윤종빈님 각본이 예전에 비해 점점 성의없어지는 듯해요. 엉성하고 허술하고, 너무 구태의연 하달까... ']",2,10,22.10.28
18514081,캐릭터,['독특한 스토리와 연출 배우들의 연기를 보는 재미일본영화 특유의 오글거림도 없어서 좋았음'],8,10,22.10.28
18514080,블랙 아담,['요새 깊게 생각하는게 너무 피곤한데 뇌빼고 보기 최고의 영화라고 생각한다.'],9,10,22.10.28
18514079,자백,['어딜가든 항상 차 조심하자.'],10,10,22.10.28
18514078,마티아스와 막심,"['우리는 살면서 동성이기에 우정으로 넘겼던 사랑이 많고, 이성이기에 사랑으로 착각한 많은 순간을 살아가는 것 같다']",10,10,22.10.28
18514077,리멤버,"['그 때를 잊으라는 말, 너무나 가슴 아프고 고통스러운 일... 모든 것을 기억하라!']",8,10,22.10.28
18514076,인생은 아름다워,['눈물 쏙 빼고 왔어요 ㅠ 시간 가는줄도 모르고...'],10,10,22.10.28
18514075,카사블랑카,['이 영화는 절대 리메이크하면 안된다.'],10,10,22.10.28
18514074,애프터 러브,['흠~~ 아무리 코미디지만 우리가 받아들이기엔 너무 급진적이고 파격적인 보통 사람들의 사랑.. 그렇더라도 진정한 사랑은 언젠가 제 자리를 찾는다 인가??'],7,10,22.10.28
18514073,블랙 아담,['재미도 감동도 없었다. 그냥 그랬다 마지막 쿠키 영상이 제일 재밌는 희안한 영화'],6,10,22.10.28
18514072,에브리씽 에브리웨어 올 앳 원스,['이런 영화 높은 평점을 줘야 교양있고 수준높고 있어 보일텐데.. 난 쉴려고 보는거지 공부할라고 보는게 아니니까..정신없고 복잡하고 그냥저냥하더구먼'],6,10,22.10.28
18514071,죽어도 자이언츠,['역사 그자체 23년도 엔 무조건 가을야구 가자 롯데야 팬들이 기다린다…'],10,10,22.10.28
18514070,앰뷸런스,['예고편만 못한 본편의외로 액션 장면도 별로 없고 계속 추격전이다그런데 좀 짜임새가 없는?예고편이 더 재밌다'],5,10,22.10.28
18514069,리멤버,['화면과 연기의 완성도는 높지만 이야기의 개연성과 전개가 그리 매끄럽지 않습니다. '],6,10,22.10.28
18514068,리멤버,['필주와 인규의 케미가 정말 좋고 속도감 있는 전개와 중간중간 코믹요소가 재밌었어요'],10,10,22.10.28
18514066,인터스텔라,['판타지를 소재로한 사랑 이야기.. 완벽하다'],10,10,22.10.28
18514065,늑대사냥,['이러다 다 죽어~~~~결국에 다 죽어~~~~'],1,10,22.10.28
18514064,사랑할 땐 누구나 최악이 된다,['공감 혹은 트라우마를 불러일으킬 수 있는 현실적인 영화'],7,10,22.10.28
18514063,미씽: 사라진 여자,['몰입감 좋아요 스토리도 탄탄하고 마지막엔 여운도 있어요'],9,10,22.10.28
18514062,블랙 아담,['수퍼맨 아이언맨 어벤져스 좀비 사하라 등등등의 종합비빔밥.ㅎㅎ 시간 가는 줄 모르고 잼나게 봤어용~~ '],8,10,22.10.28
18514060,늑대사냥,['웩~정말 피만 튀는 쓰레기영화. 제작비의 절반은 피가 아닐까?'],1,10,22.10.28
18514059,진주 귀걸이를 한 소녀,['뭔가 맹탕임.'],6,10,22.10.28
18514058,내 사랑,['눈물 쭉쭉 짜내지는 않음. 여자가 대단함.'],6,10,22.10.28
18514057,자백,['반전도 있고 연기력도 다들 좋아서 몰입해서 봤습니다. 오랜만에 재미있는 영화 봤습니다~'],10,10,22.10.28
18514056,스파이더맨: 노 웨이 홈,['여러모로 의미있는 영화인 듯'],6,10,22.10.28
18514055,매치 포인트,['스토리 좋았고 재밌게 보았다'],10,10,22.10.28
18514054,자백,"['텐션 적당하고, 스토리적당하고, 연기 적당하고..적당히 예상되고, 다 적당한 영화.꽤나 재밌게봤습니다.']",10,10,22.10.28
18514053,스타게이저: 아스트로스코프,['진짜 좋아요ㅜㅜ 또 보고 싶어요'],10,10,22.10.28
18514052,지구 최후의 밤,[''],10,10,22.10.28
18514051,미스 슬로운,['지루하고 또지루하다. 로비는 원래 사무적인 어투인가? 사공이 산으로 간 느낌?.배가 산으로 가더라도 마지막 뜬금이 부자연스럽고.나를 미끼로 폭로타이밍을 잡은 끝무렵 10분은 공감하나 그것또한 부자연스러웠다.7점대평점으로 보나 과평가되어 6점으로간다.'],6,10,22.10.28
18514050,장르만 로맨스,['조은지는 천재임에 틀리없다'],10,10,22.10.28
18514049,리멤버,['너무 재밌었어요! 알츠하이머 환자가 복수 한다는소재도 신선했고 액션신도 멋있고 감동도 있고 반전도 있었어요!'],10,10,22.10.28
18514048,에브리씽 에브리웨어 올 앳 원스,"['상상력을 업그레이드 시키는 병맛 코미디,옛날 홍콩영화의 향수 그리고 가족.웃기고 울리는 영화.후회없을 영화아들에게 추천해 준 영화. ']",10,10,22.10.28
18514047,조커,['왜이렇게 평점이 낮음? 너무 현실이라 부정하고싶은건가'],10,10,22.10.28
18514046,자백,"['드뎌 간지중의 최고 소간지가 영화로 성공을 하나요? 원작을 함 봐야겠지만 미스터리 범죄물 좋아하는 저로서는 나쁘지 않은 영화.마지막에서 한 번 더 꼴줄알았는데 좀 서운하네요. 암튼 스토리라인, 구성 나름 탄탄합니다.']",8,10,22.10.28
18514045,쥬라기 공원,['스필버그의 가장 빛나던 시절에 만들어진 전무후무한 스릴러 걸작'],10,10,22.10.28
18514044,성적표의 김민영,['여자들 똥바람 들어간 영화. '],1,10,22.10.28
18514043,신비한 동물사전,['옛날 생각도 나고 해서 다시봄요 1이 짱임'],9,10,22.10.28
18514042,인생은 아름다워,['기대안하고 봤는데 웃음과 눈물의 콜라보! 배우들 노래도 최고에요'],10,10,22.10.28
18514041,인생은 아름다워,['기대 없이 보았는데 잔잔한 감동과 옛추억을 소환한 영화였습니다.'],9,10,22.10.28
18514040,리멤버,['연기가 좋았음'],8,10,22.10.28
18514039,20세기 소녀,['김유정 우는연기 잘해요 그거말곤... '],4,10,22.10.28
18514038,잭 인 더 박스,['모가지 다 쳐서 죽이고 싶네 진짜'],1,10,22.10.28
18514036,리멤버,['이영화가 왜 8점이 넘는지 이해가 안가네요~ㅎ'],6,10,22.10.28
18514035,하나 빼고 완벽한 뉴욕 아파트,['여주 외모가…. 예쁘진 않아도 비호감은 아니었으면 보기 편했을텐데…. 어디서 이렇게 희안하게 못 생긴 사람을 데려왔을까… 남주가 불쌍 '],6,10,22.10.28
18514034,리멤버,['소재때문에 억지로 영화를 좋게 평가할 필요는 없다'],2,10,22.10.28
18514033,자백,['훌륭한 리메이크.엔딩에서 한단계 추가한건 괜찮았다'],8,10,22.10.28
18514032,리멤버,['기대한 만큼    재미있었습니다!시간과 돈이 아깝지가  않았습니다!'],10,10,22.10.28
18514031,자백,['롯데 엔터가 배급사인 영화는 걸러'],2,10,22.10.28
18514030,20세기 소녀,['그때 그시절로 돌아간거 같아 너무 좋앗어여 변우석 배우님 연기 너무 좋앗어요~~~'],10,10,22.10.28
18514029,자백,"['인비저블 게스트 원작 영화관에서 본 기억이 떠오른다. 프랑슨줄 알았는데 스페인 원작이였음.결말은 한국 버전으로 각색했음. 소지섭도 좋았는데 다른 배우가 했어도 잘 살렸을듯. 신성록, 남궁민 배우도 떠올랐음. 소지섭 살인마미소는 안어울렸음. 그왼 얼굴로 그냥 시간 꽉 채움!']",9,10,22.10.28
18514028,리멤버,['민족의 삐뚤어진 역사에 일침을 가하는 멋진영화'],10,10,22.10.28
18514027,차이나타운,['처음에는 현우리 닮은 보검이 나와서 흥미진진하게 봤는데 후반으로 갈수록 개연성이 많이 떨어지는것 같아요.. 그나마 치도 연기하는 경표씨가 웃겨서 별 2개 드립니다~^^'],3,10,22.10.28
18514026,인생은 아름다워,['남여주인공의 연기가 매우 멋지고 코믹한 부분들이 너무 재밋어요.가끔 보려구요'],10,10,22.10.28
18514025,리멤버,['배우들의 연기가 인상적이에요.'],10,10,22.10.28
18514024,고고다이노 극장판: 얼음공룡의 비밀,"['아이들이 너무 좋아해요. 집중도 잘하고, 특히 공룡 좋아하는 아이라면 너무 좋아할거에요. 은근히 어른이 보기에도 잼있어서 가족끼리 잘 보고 왔습니다. 잼있어요.']",10,10,22.10.28
18514023,자백,"['출연진 모두 연기력 최강,,,몰입력 장난 아니예요,,']",10,10,22.10.28
18514022,어벤져스: 엔드게임,['일단 ost가 너무 슬프구요.. 너무 슬퍼요 여러가지로.. 캡틴과 아이언맨이 버키를 두고 그렇게 싸워놓고 흐지부지하게 끝난게 어이가 없어서 2점 깎았습니다 나머지는 완벽.. 역시 최고의 영화 어벤저스!‘'],8,10,22.10.28
18514021,늑대사냥,['올해 최악의 영화.. 굳이 따지자면 7광구보다 못함'],1,10,22.10.28
18514020,20세기 소녀,"['21세기에 재현한 20세기의 학교생활의 이미지와 분위기를 바탕으로 그 안에 한 로맨스를 첨가한 영화라고 볼 수 있겠다. 그 로맨스를 이끌어가는 스토리라인 및 사건의 배치는 나쁘지 않았었으나, 그들을 이끌어가는 주연들의 연기력이 개인적으로 아쉬울 따름이겠다. 사실, 남성은 여성에게, 여성은 남성에게 자신의 이상적인 것을 투영하려 한다고 한다. 이에 따라 &amp;#34; 내 말도 잘 들어주고.. &amp;#34; 하면서 남자 주연이 여자 주연 본인에게 보여준 태도에 기뻐했던 모습은 돌아볼 만 하겠다. 즉, 실제 사건의 흐름을 파악한다는 의미로 잘 들어주었기에 저 말을 한 것이 아니라는걸 알아두는게 남자 사람들에겐 좋겠다. 또한 실제 성별 구분 없이 사람이라면 자기 자신이 갖는 관심사 외엔 남의 이야기엔 관심있어하지 않는다는걸 알아두는게 여자 사람들에게도 좋겠다.']",10,10,22.10.28
18514019,헤어질 결심,['그처럼 엇갈리다 마침내 헤어질 결심'],9,10,22.10.28
18514018,이층의 악당,['김혜수 능청스러운 연기 원래 성격 아닙니까?냉온차이 심한거때문에 웃으며 봤네요.'],10,10,22.10.28
18514016,인생은 아름다워,['영화를 보니  저의  50년  인생이  머리속을 스쳐지나갑니다. 저의 삶을 다시 한번 생각하게 하는 영화 입니다.'],10,10,22.10.28
18514017,인생은 아름다워,['영화를 보니  저의  50년  인생이  머리속을 스쳐지나갑니다. 저의 삶을 다시 한번 생각하게 하는 영화 입니다.'],10,10,22.10.28
18514014,인생은 아름다워,['영화를 보니  저의  50년  인생이  머리속을 스쳐지나갑니다. 저의 삶을 다시 한번 생각하게 하는 영화 입니다.'],10,10,22.10.28
18514015,인생은 아름다워,['영화를 보니  저의  50년  인생이  머리속을 스쳐지나갑니다. 저의 삶을 다시 한번 생각하게 하는 영화 입니다.'],10,10,22.10.28
18514013,늑대사냥,['별 한개도 아까움 병신같은 영화감상포인트가없는데 멀 자꾸 선택하래'],1,10,22.10.28
18514012,자백,['반전의 반전의 반전 영화예요…!!!! 3명의 배우가 연기도 훌륭하고 추측하며 보는 재미가 있어요ㅎㅎㅎ 비밀의 숲 좋아하는 분들은 추천'],10,10,22.10.28
18514010,자백,['보는내내심장이쫄깃했어요 원래 평점 안다는데 이건 정말 강추합니다아'],10,10,22.10.28
18514009,자백,['첨부터 끝까지 집중해서 잘 봤습니다소지섭 김윤진 나나..연기 너무 좋았습니다'],10,10,22.10.28
18514008,끝까지 간다,['기대 안 하고 봤는데 너무 재밌어요 시간 순삭'],10,10,22.10.28
18514007,선과 악의 학교,[''],10,10,22.10.28
18514006,자백,['진실이 무엇일까?끝나는 내내 궁금하면서 봤어요배우들 모두 연기도 좋았구요김윤진 연기도 감동적이고 오랜만에 소지섭 배우봐서 좋고 나나의 연기가 자연스러웠습니다^^'],8,10,22.10.28
18514005,자백,['팝콘은 영화 시작 전 미리 먹는 걸 추천! ㅎㄷ ㄷ 쩔깃 스릴러'],10,10,22.10.28
18514004,블랙 아담,['액션이 장르적 피로도 이겨먹음'],8,10,22.10.28
18514003,자백,[' 집중력최고  몰입감최고김윤진연기 진짜잘한당'],10,10,22.10.28
18514002,리멤버,['이성민 배우님은 언제나 믿고 보지만 남주혁은 연기 잘하는지 나는 모르겠다'],10,10,22.10.28
18514001,리멤버,['언제까지 반일팔이를 할건지...영화계 답답하다'],2,10,22.10.28
18513999,분닥 세인트,['노만리더스 리즈시절 너무이쁘고멋지고다해'],10,10,22.10.28
18514000,탑건: 매버릭,"['영화 보기 시작해서 부터 끝날때까지 계속 전율, 울컥이 반복된 유일한 영화']",10,10,22.10.28
18513998,리멤버,['초반에는 그럴 듯 했으나 후반으로 갈수록..??'],5,10,22.10.28
18513997,범죄도시2,['일반적인 한국형 범죄액션류의 영화에 마동석이라는 조미료를 넣은 그 정도...'],7,10,22.10.28
18513996,20세기 소녀,['답답하다가도 간지럽고 그러다가도 재미있는데 또 고구마고 근데 풋풋한'],9,10,22.10.28
18513995,블랙 아담,['유치하고 지루함...'],6,10,22.10.28
18513994,실종,['미친 싸이코 연기는 굿...근데 경찰이 너무 욕나오게 허접해서 더 화남.'],8,10,22.10.28
18513993,블랙 아담,['볼 거 없어서 기대없이 봤는데 재밌었음.나름 웃긴 부분도 있어서 지루하지 않게 보고 나는 굉장히 만족쓰. 마블 별로 안 좋아해서 잘 안 보는데 이건 두 번 봐도 괜찮다고 느낌(내 기준) 추천'],10,10,22.10.28
18513992,늑대사냥,['감독 정신적으로 문제있냐? '],2,10,22.10.28
18513991,어느 가족,"['가족의 형태란 무엇인가. 피로 이루어진 가족만이 가족이 아니다. 가족이란 의미를, 가치관을 좋은 의미로 바꿔준 영화.']",9,10,22.10.28
18513990,인생은 아름다워,['분명 익숙한 노래들인데 영화를 보며 가사도 예술이었구나 생각이 들었습니다.나오는 곡들에 대해 더 깊게 이해하게되었습니다.'],10,10,22.10.28
18513989,경아의 딸,['끝나지 않는 전쟁. 하지만 언젠가 끝은 온다. '],9,10,22.10.28
18513988,20세기 소녀,['삐삐사용한던 세대로써 정말 공감100퍼!! 울고웃으며 간만에 추억돋게 본  영화네요.ㅠㅠ1010235~~~ㅎㅎㅎ지금은 사라지고 없는것들에 대한 이야기들~~타임머신타고 고딩때로 돌아간듯한~~너무나 설레고 웃고~~ 너무 울며본  최애영화가 될꺼같아요 ♡♡♡♡'],10,10,22.10.28
18513987,썬데이 서울,['얼마나재미있게요~!'],10,10,22.10.28
18513986,악마가 너의 죽음을 알기 전에,['스토리에서 주는 감동보다 연기와 연출에서 오는 엄청난 몰입감. 정말 대단한 작품이다.  악마는 시드니 루멧을 알고있다. '],9,10,22.10.28
18513985,20세기 소녀,"['유치하다. 유치하지만, 비슷한 나이대를 가지고 있으면 뭔가 가슴 뭉클하고 촉촉해진다.뮤직비디오 같은 연출 보다는 좀 더 담백하게 담아 냈으면 하는 아쉬움도 있다.']",6,10,22.10.28
18513984,리멤버,['너무 잼있게 잘봤어요 스토리도 좋고 몰입도 최고에요'],10,10,22.10.28
18513983,자백,['진짜 너무 소름돋아요진짜 대박 연기를 다 너무 잘해요'],10,10,22.10.28
18513982,블랙 아담,['처음으로 영화관에서 자봤다'],4,10,22.10.28
18513981,듄,['아이맥스로 봤는데 정말 사막한가운데 있는줄 알았습니다.'],9,10,22.10.28
18513980,불릿 트레인,"['B급 감성을 느낄 수 있고, 정신없이 뭔가 꼬리를  물며 이어지는 스토리, 집중하려하면 갑자기 인물과거사 장면으로 가버리는.. 별로 재미를 느끼지 못했고. 잔인한 장면은 그러려니 했음. 그럭저럭 B급. ']",6,10,22.10.28
18513979,사랑할 땐 누구나 최악이 된다,['한 번 쯤 생각해볼만한 내용. 사랑할 떈 누구나 최악이 되니까'],8,10,22.10.28
18513978,독수리 요새,['와대단! 이게60년대 만들어졌다고? 스케일이 ㄷ ㄷ ㄷ'],10,10,22.10.28
18513977,에브리씽 에브리웨어 올 앳 원스,['세상 최고 강한 건 엄마의 새끼손가락.'],10,10,22.10.28
18513976,돈 룩 업,"['웃기기도 한데, 씁쓸하기도 한일단 영화 자체가 재밌어서 끝까지 몰입하게 됨']",9,10,22.10.28
18513975,리멤버,['친일파 복수하는 국뽕 스토리'],1,10,22.10.28
18513974,블랙 아담,['복잡한 배경지식 필요없이 온전하게 즐기기 좋은 히어로 영화가 참 오랜만인듯.'],8,10,22.10.28
18513973,20세기 소녀,['지쳐있던 제 마음에 오랜만에 감성 촉촉하게 힐링해준 영화 였어요.. 노티카..폴로조끼.. 84년생 핵 공감하면서 봤네요…'],10,10,22.10.28
18513972,스파이더맨: 노 웨이 홈 '펀버전',['히어로 영화를 보는데 이렇게 행복하다는 느낌을 받은적이 처음이었다'],10,10,22.10.28
18513971,20세기 소녀,[''],10,10,22.10.28
18513970,늑대사냥,['고구마×10000도망가기도 바쁜데 죽는거 다 구경해ㅠ 총은 쏘지도 않고 들고만 있어ㅠ 숨은 곳 다 알려줘ㅠ 총알을 피하는게 아니라 늑대사냥이 아니라 시간사냥이라고 하는게 맞을듯!!'],1,10,22.10.28
18513969,인생은 아름다워,['뜨거운안녕..나도 저렇게 하고 싶네요'],10,10,22.10.28
18513968,4DX 문유,['Fu37fh2hfuehfhhe'],10,10,22.10.28
18513967,이상한 나라의 앨리스,['가장 좋아하던 디즈니 영화를 팀버튼스럽게 잘 구현했다'],10,10,22.10.28
18513966,악질경찰,['진격의거인돼서 청와대 부순다에서 껐다'],1,10,22.10.28
18513965,특송,['액션 좋네요.카 체이싱이 국내 영화중 제일일듯.'],9,10,22.10.28
18513963,대무가,['웃고싶어서 웃긴줄알고 봤는데한번도 못웃음'],1,10,22.10.28
18513964,늑대사냥,['주인공은 누구인가...마녀 남자 버전인가...프랑켄슈타인 ???'],2,10,22.10.28
18513962,자백,['몰입이 처음부터 끝까지 가네요~몰입이 처음부터 끝까지 가는 영화는 처음이네요~강추~'],10,10,22.10.28
18513961,신 에반게리온 극장판,['끝났다는 것 만으로도....'],9,10,22.10.28
18513960,자백,['잠시도 딴 생각이 안 들 정도로 몰입해서 봤습니다'],10,10,22.10.28
18513959,가족의 색깔,['다른 색의 3명이 만난 가족의 색깔'],10,10,22.10.28
18513958,20세기 소녀,['울기도하고 공감이 많이 되었습니다'],10,10,22.10.28
18513957,자백,"['나나가 진짜 예쁘다,,,,김윤진의 목소리 톤은 조금 어색함']",8,10,22.10.28
18513956,극장판 짱구는 못말려: 수수께끼! 꽃피는 천하떡잎학교,"['짱구 너무 귀엽고 철수 너무 귀여움,,,,철수가 다른 친구들이랑 같이 학교 가고 싶은데다들 철수 맘 몰라주는 게 마음 찢어짐,,,,흐헝,,,감동적이고 나름 메세지가 있는 이야기였음,,,,']",8,10,22.10.28
18513955,라라랜드,['후반부부턴 몰입이 너무 잘 된 나머지 영화가 끝났을 땐 약간의 몽롱함도 느껴졌다.'],10,10,22.10.28
18513954,리멤버,['친일파 처단은 통쾌하네요~!'],8,10,22.10.28
18513953,늑대사냥,['뭥미? 이게뭥미? 도대체이게뭥미?'],1,10,22.10.28
18513952,자백,['원작과 비교해도 무난하게 리메이크 되어서 볼만했다.'],7,10,22.10.28
18513951,리멤버,['유려하진 않아도 기본적인 장르의 재미와 직설적인 화법이 돋보임. 의아했지만 중년배우가 노년 역할을 맡는것도 이해는 됨.'],7,10,22.10.28
18513950,늑대사냥,['차라리 괴물 재난영화였음 더 재밌었을 듯'],6,10,22.10.28
18513949,자백,['반전이 있는 재미있어요연기도 좋고 나나는 예쁘고 소지섭은 역시 멋있네요'],10,10,22.10.28
18513948,자백,['반전도 좋고 김윤진연기 좋으다 '],10,10,22.10.28
18513947,일라이,['최애영화 그시절의 느낌을..'],10,10,22.10.28
18513946,리멤버,['배우들 감정연기도 좋았고 스토리도 괜찮았던영화 다만 극장가서보니 세대별로 느끼는 감정선이 다르다는걸 느껴서 안타까움이 있었네요 난 배우들 감정에 몰입되서 보고있는데 10대로 보이는 애들은 코골며 자더니 영화 끝날때재미없다며 투덜되더라구요. 역사를 잊은 국민에겐 미래는없다VS과거에 머무는 국민에겐 미래가 없다   영화를 본 관객은 어떻게 생각하는지요? 역사 추천 vs과거 비추천'],10,10,22.10.28
18513945,정직한 후보2,['너무 허접스런 설정 돈아까움 '],2,10,22.10.28
18513943,리멤버,['최고입니다. 다 보셔야합니다.'],10,10,22.10.28
18513942,화차,"['우선,장르를 떠나 2012년도에 나온 작품이지만 10년이 지난 지금 봐도 완성도가 너무 좋습니다. 각본 연출 그리고 구멍없는 배우들의 연기력이 돋보입니다. 그리고 저 자신의 비슷한 경험때문에   극중 이선균 배우분의 감정이 고스란히 느껴졌어요. 또 극중 김민희 배우분의 캐릭터는 어쩌면 탈출구없는환경이 매 순간 극단적 선택을 내리는 삶을 살 수 밖에 없는 인물이 되어버린 것같아요.일곱 쯤 봤는데도 저에겐 매번 몰입하게 되는 영화입니다. ']",10,10,22.10.28
18513941,리멤버,['제2의 암살 친일청산 클리셰 배우님들 연기가 살림'],6,10,22.10.28
18513940,리멤버,[''],10,10,22.10.28
18513939,20세기 소녀,"['재미도없고...오글거리고,, 감동도없고...뭣도없는....;항마력 테스트 받은기분... ']",1,10,22.10.28
18513938,더 폰,['투썸서업!투썸서업!!'],6,10,22.10.28
18513937,너의 췌장을 먹고 싶어,"['제목의 문장이 영화 마지막 장면에 여주의 마지막 대사로 등장하는데.. 네가 좋다, 너와 함께하고 싶다, 죽어서 너를 못보게 되는게 싫다, 너의 일부가 되고싶다, 너를 갖고 싶다, 너와 하나가 되고 싶다, 이런 모든 의미를 담아서 한 말이 &amp;#39;너의 췌장을 먹고 싶어&amp;#39; 였던거 같고, 결국 그 말은 &amp;#39;너를 좋아해&amp;#39; 라는 고백의 의미였던거 같다.. 사쿠라의 캐릭터 성격상 좋아한다 사랑한다 하는 직접적인 고백보단 &amp;#39;너의 췌장을 먹고 싶어&amp;#39; 라는 장난스런 말속에 너와 함께하고 싶어, 너와 헤어지기 싫어, 너를 좋아해, 그런 모든 의미를 담아 사랑고백을 했던거 같다.. 사람을 억지로 울리는게 아니라 영화를 보다보면 저절로 눈물 흘리는 나를 발견하게 되는 일본 감성영화 특유의 멜로코드를 잘 보여준다. 다소 아쉬운점이 있다면 후반부에 좀더 신경써서 매끄러운 전개를 보여줬다면 훨씬 좋은작품이 됐을거 같다. 서정적으로 순조롭게 이어지던 중반까지의 전개와는 달리 후반부에 너무 시간에 쫓기는듯한 다급한 전개가 아쉽다. 런닝타임에 맞추느라 뒷마무리 전개가 다급해진 느낌? 런닝타임이 길어지더라도 조금더 세심한 후반부 전개를 보여줬다면 좋았을거 같다는 아쉬움이 살짝 남는 영화였다. 그렇지만 그럼에도 불구하고 나는 감동적인 작품으로 평가하고 싶다. 충분히 좋은작품 이었다. 악평에 시달릴만한 영화는 절대 아니었다.']",10,10,22.10.28
18513936,죽어도 자이언츠,['승소수자 롯데 자이언츠가 승다수자가 되길 기원합니다'],9,10,22.10.28
18513935,리멤버,['그냥 그럭저럭'],7,10,22.10.28
18513933,블랙 아담,['액션 하나는 좋았어요!'],10,10,22.10.28
18513931,자백,['적당히 볼만하고 그럭저럭'],7,10,22.10.28
18513930,외계+인 1부,['최동훈 천재임~~식상했던 국내영화에 신선함!!연출.기획.음악.모두 획기적임어떻게 이런생각을 하지??'],8,10,22.10.28
18513929,아수라도,['감독새끼 적성에 안맞는고 아니냐?'],1,10,22.10.28
18513928,블랙 아담,['올해 본 액션 영화중에 최고로 재미 있고 좋았어요. 우리도 이런 히어로 무비 있으면 좋겠어요'],9,10,22.10.28
18513927,터미네이터: 다크 페이트,['개노잼.. 굳이..? 리부트를? 이딴 내용으로..? 왜..? '],1,10,22.10.28
18513926,에브리씽 에브리웨어 올 앳 원스,['선택하지 않은 무수한 길 위의 나'],10,10,22.10.28
18513925,자백,['똑같은 장면 계속 돌려보는줄 별로에요..ㅠ'],2,10,22.10.28
18513924,독수리 요새,['재미있게 봤어요..좋아요.'],10,10,22.10.28
18513923,자백,['재미있게 잘 봤습니다 ~~~~'],10,10,22.10.28
18513922,목숨 건 연애,['왜? 한국 영화에 엉터리 발음 영어를 계속 들어야 하는지도 모르겠고 일류 배우를 삼류 배우로 만드는 마법은 신선함.'],1,10,22.10.28
18513921,블랙 아담,['방금 보고왔는데 쓰레기다.초등학생들이 보면 될듯쿠키영상은 슈퍼맨 나온다.ㅎㅎㅎ'],4,10,22.10.28
18513920,살인자,['김현수 배우 연기도 못하는데 왜자꾸 나오는겨;;'],1,10,22.10.28
18513919,스타게이저: 아스트로스코프,['처음엔 귀엽다 다들 열심히 준비했구나 하면서 봤는데 뒤로 갈수록 감동이 ㅠㅠ 마지막 찐엔딩무대 나올 때 특히 울컥했어요 옛날 생각들도 나면서 다시 한 번 평로하 결심 ㅠㅠㅠㅠ 여운이 커서 또 보러가고싶어요'],10,10,22.10.28
18513918,정직한 후보2,['뻔한개그 식상한소재 속편까지나올영화는 아닌데'],1,10,22.10.28
18513917,오펀: 천사의 탄생,['궁금하지 않아도 되는 이야기였다.'],5,10,22.10.28
18513916,20세기 소녀,['너무 뻔한 스토리에다 그냥 오해다라고 말을 못함 ㅋㅋ 너무 답답하다 그냥 ㅉ'],1,10,22.10.28
18513915,킹스맨: 퍼스트 에이전트,['나는 너무 좋던데... 넷플릭스 감사 ㅎㅎ '],10,10,22.10.28
18513914,블랙 아담,['뜬금없는 저스티스 소사이어티의 연출보다는 블랙아담에 집중하는 것이 어땠을지...허나 쿠키영상 하나만으로 값진!!'],8,10,22.10.28
18513913,프로메테우스,['에일리언 시리즈의 명성에 맞는 프리퀄'],10,10,22.10.28
18513911,캐릭터,[''],10,10,22.10.28
18513910,말아톤,['마지막 조승우 씨익 웃는 장면은 어떤 영화 미소보다도 아름답다고 생각한다.'],10,10,22.10.28
18513909,리멤버,['배우분들의 연기력이 대단함을 느끼고 왔습니다 스토리도 괜찮고 영화관에서 보길 잘했어요'],10,10,22.10.28
18513908,블랙 아담,[''],6,10,22.10.28
18513907,콜롬비아나,['정말 재미있게 봤습니다'],10,10,22.10.28
18513906,블랙 아담,['스토리는 평범하고 뻔한 느낌인데 액션과 타격감이 좋았다.'],7,10,22.10.28
18513905,어벤져스: 엔드게임,['내 인생 최고의 영화...'],10,10,22.10.28
18513904,리멤버,['현시점의 친일후손들에 분노한 이들은 꼭 보시라!!'],10,10,22.10.28
18513903,리멤버,['볼만 했고~ 몰입 되었다'],8,10,22.10.28
18513902,20세기 소녀,['내 아까운 2시간 물어내라'],1,10,22.10.28
18513901,20세기 소녀,['내나이 40살...진짜 완전 스며들었어요ㅠ김유정씨도 연기 잘하지만...변우석씨...처음 보는 배우인데ㅜㅜ완전 배역이 찰떡입니다ㅠ이 나이에 엄청 울었어요ㅠ강추예요!'],10,10,22.10.28
18513900,리멤버,['재밌음지루한 부분이 없이 가득'],10,10,22.10.28
18513899,인생은 아름다워,['염정아의 연기가 눈부시도록 빛났습니다.'],7,10,22.10.28
18513897,바람의 검심 최종장: 더 비기닝,[''],10,10,22.10.28
18513896,리멤버,['복수극인데 긴장감이 저에겐 없어서 그리 재밌진않았어요'],6,10,22.10.28
18513895,리멤버,['개재밌슴 ㅅㅂ 개꿀잼...!'],10,10,22.10.28
18513894,왕의 남자,['생각 없이 보았다가 인생 영화가 되었습니다'],10,10,22.10.28
18513893,공조2: 인터내셔날,['강추~!!!  또보고픈  영화는  처음이였어요~~~     '],10,10,22.10.28
18513892,리멤버,"['독립운동가분들이 정말 대단한게 일제앞잡이들이 조선을 포기하고 자민족 탄압할때, 독립을 이루겠다는 희망을 잃지않고 끝까지 포기하지 않았다는 겁니다.  결국 독립을 이루고 일제앞잡이들한테 빅엿을 날려줄수 있었는데 아직도 이땅엔 토착왜구들이 날뛰고 있네요. 아무리 돈이 좋아도 일본을 섬기고 중국공산당에 포섭되지는 맙시다.']",10,10,22.10.28
18513890,늑대사냥,['액션만...차라리 두개로 나누시지 ;;'],4,10,22.10.28
18513889,공조2: 인터내셔날,['대박 재미있게 봄^^  공조3 나왔으면 좋겠어요~^^'],10,10,22.10.28
18513888,파워 오브 도그,['마지막 10분의 반전을 위해 지루한 1시간 50분짜리 영상을 봐야하는 망작'],1,10,22.10.28
18513887,트루먼 쇼,[''],10,10,22.10.28
18513886,스타게이저: 아스트로스코프,['항상 응원할게요 화이팅!'],10,10,22.10.28
18513885,소중한 날의 꿈,['와 너무 감동적이고 재밋어요'],10,10,22.10.28
18513884,죽어도 자이언츠,['롯데자이언츠 부산갈매기 따라부를'],10,10,22.10.28
18513883,소중한 날의 꿈,['첫사랑 이야기 귀엽다..'],10,10,22.10.28
18513882,20세기 소녀,['1분만에 손절한건 드문데 ㅋㅋㅋ 무슨 우체부가 새벽에 일을 하냐? 새벽에 우체부 다니는거 보고 바로 껐다'],1,10,22.10.28
18513881,20세기 소녀,['99년도엔Mt헬멧과코모헬멧이 없었답니다~~~'],8,10,22.10.28
18513880,여름 이야기,['여름 햇살 아래서는 나를 찾는 여정 보다는 다른 이 앞에서 솔직해지기를'],7,10,22.10.28
18513879,늑대사냥,[' 총은 폼으로 가지고 다니냐? 그냥 좀 쏘라구. '],2,10,22.10.28
18513878,늑대사냥,[' 총은 폼으로 가지고 다니냐? 그냥 좀 쏘라구. '],2,10,22.10.28
18513877,늑대사냥,[' 총은 폼으로 가지고 다니냐? 그냥 좀 쏘라구. '],2,10,22.10.28
18513876,인생은 아름다워,['엄마랑 보고 나왔는데 웃다가 울다가 했어요!부부가 보면 좋을듯 :)'],8,10,22.10.28
18513875,블랙 아담,['별로입니다. 무슨 스토리였는지 기억이 안나요..'],5,10,22.10.28
18513874,소중한 날의 꿈,['정말 옛날처럼 순수한 첫사랑같은 내용이였다. 엄청 집중하면서 본거같다고 생각한다 풋풋한 내용이다'],10,10,22.10.28
18513872,리멤버,['스토리가 편향된 시점에 치우쳐져 있다보니공감력이 개인적으로 전혀없었네요배우들의 개연성도 낮았습니다영화보면서 계속 몰입이 끊기다보니자리에서 일어나고 싶었네요...'],2,10,22.10.28
18513871,더 킹,['와 다시봐도 몰입감이 이정도네 ㅋㅋ 진짜 이 영화는 단순히 스토리와 연기로만 얘기할게 아니다. 특유의 몰입감으로 단 한치도 쉴수없게 만드는 연출. 이게 진짜 이영화의 백미다'],10,10,22.10.28
18513869,블랙 아담,['평점 낮은 이유가 있네~ 보는 내내 영화가 빨리 끝나기를 바랬다'],5,10,22.10.28
18513868,가려진 시간,['마지막 중년의 성민이 모습이 너무 짠하고 안스럽네요~'],8,10,22.10.28
18513867,20세기 소녀,['20세기의 소녀와 동시대를 살아가는 사람입니다그 시절 제 첫사랑도 불의의 사고로 하늘나라갔는데 이 영화를 보며 그때의 기억이 떠올라 마음이 많이 뭉클해지고 눈물이나요감사합니다 잊고 있었던 추억을 떠올릴수있게 해주셔서...'],9,10,22.10.28
18513866,블랙 아담,['사박하는 순간 헛웃음 나오네요 누가 10점주는지 '],6,10,22.10.28
18513865,82년생 김지영,['정말 재밌어요 다음에도 꼭 보고싶네요^^'],1,10,22.10.28
18513864,노무현입니다,['이기야 딱좋다³1르륻ㅏ다앙'],1,10,22.10.28
18513862,자백,['진실앞에선 그 아무것도 감춰질수 없는 진실세상은 모든걸 다 가질수 없다는걸 깨닫는시간죄를 지었다면 반드시 댓가를 치르는게 세상에이치 모든 사람들에게도 적용됐슴 좋으련만~~'],9,10,22.10.28
18513861,한산: 용의 출현,['명량 보다 좀. .아쉬웠음'],8,10,22.10.28
18513860,리멤버,['시간가는줄 모르고봣고 연기력에 또한번감탄하며 봣어요 할아버지가 저리도 멋잇을줄이야ㆍㆍ심쿵한 제가 이상할정도로 ㅋ'],10,10,22.10.28
18513858,정직한 후보2,['박진주 연기 잘한다ㅎㅎ역시 한국영화는 2를 만들면 안되는건가. .범죄도시 신과함께는 다 성공했는데ㅎㅎ명량보다 한산도 좀 아쉬웠음'],7,10,22.10.28
18513857,에브리씽 에브리웨어 올 앳 원스,['10점 만점 줄려고 오랜만에 평 쓰러왔습니다.'],10,10,22.10.28
18513856,자백,['원작보다 뛰어나 긴장감과 몰입도로 완성도를 훨씬 높였네요. 재미나요'],10,10,22.10.28
18513855,늑대사냥,['좀비만안나오는 범죄영화였으면더 잼있었을듯별점하나도 줄수없는듯함'],2,10,22.10.28
18513854,인생은 아름다워,['한국최초 뮤지컬 영화라니 신선하고배우닌들 연기도 좋으셨어요'],10,10,22.10.28
18513853,분홍신,['평점이 너무 낮다.김혜수와 아역 연기.너무 잘함.스토리두 좋고..너무 저평가 된게 아쉬움.'],9,10,22.10.28
18513852,늑대사냥,['굉장히 순수하고 천진난만한 동화적인 영화네요 근데 서인국이 주인공이 아니였네요? ㅎㅎㅎㅎ  '],10,10,22.10.28
18513851,20세기 소녀,['잔잔하고 재미있었습니다. 다만 안타까운점은 그냥 아역배우와 성인배우를 나누지않고 그대로 갔었으면 더 감정선이 연결되어 좋았을것 같습니다. 특정 배우의 연기가 문제가 아니라요... 이제 아역 성인역 나누는것도 굉장히 올드함... 몰입 깨짐...'],10,10,22.10.28
18513850,사도,['오랜만에 다시 보았습니다.눈물이 날 정도로 감동적인 영화 입니다.송강호 유아인씨의 연기로 더욱더 실감났습니다.'],10,10,22.10.28
18513849,자백,['리메이크가 잘 됐습니다'],10,10,22.10.28
18513848,코다,['내가 필요한 인생 나를 필요로한 인생 내 능력은 어디에 '],5,10,22.10.28
18513847,리멤버,['원작영화도 궁금해질만큼 재밌었는데 원작영화 개봉은 도대체 언제..'],7,10,22.10.28
18513846,리멤버,"['친일파에 대한 우리사회 인식에 대해 재고할 수 있는 기회였으며, 생존형 친일파에 대한 재평가 역시 과제']",10,10,22.10.28
18513845,자백,['K-전개속도 미쳤음!ㅋㅋㅋ 각 인물들 심리 쫓아가다가 뭐하나라도 놓칠까봐 초집중&amp;초흥분하면서 봄ㅋㅋ 한 번 더 봐도 재밌을 것 같아 고민중. 다들 자백보고 모여봐봐'],10,10,22.10.28
18513844,블랙 아담,['샤잠! 외칠 때 유치하다 걱정했는데 볼거리는 충분해요~'],8,10,22.10.28
18513843,티켓 투 파라다이스,[''],10,10,22.10.28
18513842,늑대사냥,['주인공이없네 무슨내용일까...주인공급배우들이 그냥 팩트없이 연기하다 내용없이죽는다...ㅡ..ㅡ;;'],4,10,22.10.28
18513841,너의 이름은.,['언제 봐도 재밌고 감동적인 영화 ㅠㅠ'],10,10,22.10.28
18513840,미 비포 유,['너무너무 잘 봤습니다!'],10,10,22.10.28
18513839,자백,['가장 완벽한 끝까지 몰입도 짱ㅎ'],10,10,22.10.28
18513838,리멤버,['진작에 나라가해야할 친일파청산을 할아버지  한분이  한다 수십년간 계획을세워서'],10,10,22.10.28
18513837,미스터 노바디,['가끔 생각해봤던 내용을 다뤄줘서 괜찮은 내용을 재미는 없지만 관심있게 봤고 동양 여성에 대한 인종차별만 없었어도 10점은 줬을텐데'],6,10,22.10.28
18513836,공조2: 인터내셔날,"['추석 코미디/액션 영화로 이만한 영화가 있을 수 있을까.. 비주얼이면 비주얼, 코미디면 코미디, 액션이면 액션 등 흥행에 성공할 수 밖에 없는 속편으로 돌아온 느낌.']",6,10,22.10.28
18513835,에브리씽 에브리웨어 올 앳 원스,['이제 중년으로 들어선 누구보다도 열심히 치열하게 살고있는 두아이의 엄마로 영화를 봤다. 어떻게보면 나하고 비슷해보이는 양자경의 현재속에서 또다르게 돌아가는 세상들이 결국 돌고 돌아 가족의 사랑으로 마무리되었을 때 많은 생각을 할수 있게 해주었다.'],9,10,22.10.28
18513834,비상선언,"['억지 반일 반미 무능한정부욕,, 이해되지않는 상황들']",4,10,22.10.28
18513833,자백,['뻔한스토리'],5,10,22.10.28
18513832,블랙핑크: 세상을 밝혀라,[''],10,10,22.10.28
18513831,한산: 용의 출현,[''],7,10,22.10.28
18513830,인생은 아름다워,['부모님이랑 보기 너무 좋고 2시간내내 펑펑 울다나왔네요'],10,10,22.10.28
18513829,자백,['몰입도 좋아요시간가는줄 모르고 잘봤어요'],10,10,22.10.28
18513828,놉,[''],8,10,22.10.28
18513827,정직한 후보2,[''],6,10,22.10.28
18513826,미쓰 와이프,['그저그런 흔한 코믹물로 얕봤다가 눈물 펑펑 쏟고 지금도 가끔 생각나면 챙겨보게되는..'],10,10,22.10.28
18513825,리멤버,['잼써요 내용자체가 꼭 알고 기억해야 할 내용이기네 많이들 봤으면 해요 남주혁 이성민 둘 다 연기를 참 잘하네요'],10,10,22.10.28
18513824,모비우스,['스토리가 아쉽습니다. 뭔가 빌런과 빌런대립이 애매한 설정. 액션은 볼만합니다. 모비우스2가 나오면 기대해봄'],8,10,22.10.28
18513823,20세기 소녀,['역시 믿고보는 배우 김유정'],10,10,22.10.28
18513822,에브리씽 에브리웨어 올 앳 원스,['내용이 산만하고 뭔가 어설프다'],2,10,22.10.28
18513821,자백,"['나 반전 보여준다!! 보여준다고 했따!!!! 자 반전너도 보여줘? 나도 보여준다!! 밑밥 깔아놨다!! 자 반전을 반복하는 영화. 보통 반전영화 보고나면 기분이 찜찜한데, 너무 예상대로 반전이 흘러가서 깔끔했다. 고로 지루했다.']",6,10,22.10.28
18513820,공조2: 인터내셔날,[''],6,10,22.10.28
18513816,20세기 소녀,['시작부터 너무 뻔함. 예상한 그대로 풀림. 대만 청춘영화같은걸 만들고 싶었나 봄. 이런류의 이야기 너무 많아서 신선도가 확 떨어짐. 김유정 예쁜거 빼면 볼게없음. 왜 넷플1위인지 모르겠음. [불쑥 화가 나서 추가함. 생각할수록 시간이 너무 아까워서 화가 난다. 친구가 추천해준거였는데 진짜 화남]'],1,10,22.10.28
18513815,애프터 미투,[''],10,10,22.10.28
18513814,캐릭터,[''],8,10,22.10.28
18513813,에브리씽 에브리웨어 올 앳 원스,['산만한 감동 복잡한 우주 '],8,10,22.10.28
18513811,티켓 투 파라다이스,[''],8,10,22.10.28
18513812,티켓 투 파라다이스,[''],8,10,22.10.28
18513810,리멤버,['한국인만 공감할 수 있는 서사로 영화의 툼을 메운다'],7,10,22.10.28
18513809,내겐 너무 소중한 너,['이런좋은 영화는 많이 나왔음 해요^^^'],10,10,22.10.28
18513808,늑대사냥,['진짜영화이상했네요 ㅠㅠ'],2,10,22.10.28
18513806,블랙 아담,['히어로물 특유의 개연성은 으잉?싶지만 그냥 가볍게 액션물 본다 생각하면 괜찮습니다. 락형님의 포스는 여전히 ㄷㄷㄷ하네요'],8,10,22.10.28
18513804,20세기 소녀,['생각없이 봤다가 너무 풋풋하고 마지막엔 슬퍼요'],10,10,22.10.28
18513803,자백,['김윤진..역시      소지섭..오~      나나..와..'],10,10,22.10.28
18513802,리멤버,['반일은 해도 반공은 못하는 희안한 한국 영화판. 솔직히 프로파간다 너무 심함. 단체 관람이어서 끝까지 봤지 아니면 30분도 안보고 나왔음.'],2,10,22.10.28
